code|families|scope|required_facts|blocking_question
P001|geometry,scalar|Одно здание и его контур на генплане, РД и БТИ|Сопоставимые контуры; площадь отдельно от формы|Какая геометрическая опора и допустимая погрешность подтверждают расхождение контуров, а не только площадей?
P002|scalar|Общая площадь одного здания в одинаковых границах подсчёта|Явно названная общая площадь; исходные м²; дельта относительно ПД|Подтверждена ли одинаковая методика подсчёта? Суммарная поэтажная площадь не принята как синоним общей.
P003|scalar,composite|Полезная или расчётная площадь и технические зоны того же здания|Отдельные площади и связь сокращения с техническими зонами|Как разделить полезную и расчётную площадь и доказать перевод в технические зоны, не подменяя их общей площадью?
P004|geometry,approval,composite|Внешние объёмные габариты одного здания и применимая корректировка ПД|Изменённые габариты; статус и область согласованной корректировки|Как подтверждается отсутствие корректировки ПД для именно изменённых габаритов?
P005|scalar,geometry,composite|Подземная часть, паркинг или подвал одного здания|Глубина заложения; объём подземной части; связь с областью|Какая ветвь изменения применима: глубина, объём или обе; как исключить подмену общим объёмом?
P006|scalar,composite|Надземная часть и технические этажи одного здания|Общий состав этажей, включая технический; объём как отдельная величина|Как согласовать название про надземный объём с триггером про общее число этажей?
P007|scalar|Надземные этажи одной секции или всего здания при одинаковом охвате|Число именно надземных этажей; принадлежность секции|Какие этажи входят в счёт и как сопоставить секции разной этажности без выбора первого числа?
P008|scalar,geometry|Высота одного здания от одинаковой исходной отметки|Высота; исходная отметка; применимые ограничения|Какой уровень отсчёта и какая утверждённая высота относятся к данному зданию?
P009|scalar|Абсолютная отметка нуля одного здания в одной системе высот|Значение абсолютной отметки; система высот; геоподоснова|Какой документ и пункт подтверждают допуск? Исторические 0.01 м не подтверждены Матрицей.
P010|scalar|Жилые единицы одного здания или одинакового набора секций|Количество квартир; границы учтённых секций|Как отличить итог здания от таблиц секций, этажей и встроенных помещений?
P011|inventory,composite|Состав квартир по типам в одинаковых секциях|Числа квартир каждой категории; соответствие типов|Как задаётся сравнимая категория квартиры и выявляется замена состава при том же общем числе?
P012|scalar|Подземные машино-места одного паркинга|Количество подземных мест; проектный минимум|Как отделить наземные и гостевые места и подтвердить применимый минимум?
P013|scalar,composite|Один тип технологической мощности или вместимости одного объекта|Величина и её предметная единица; период производства|Какая мощность применима объекту: выпуск, учащиеся, места или иная; что является сравнимой единицей?
P014|scalar|Расчётная электрическая мощность одного присоединения|Мощность РД; лимит конкретных ТУ; срок и область ТУ|Какие ТУ действуют для этого присоединения и что означает мощность: установленная или расчётная?
P015|ordered-class|Категория надёжности одной электросистемы или потребителя|Категория; идентификатор потребителя; подтверждённый порядок категорий|Как документирован порядок категорий и варианты записи без молчаливой замены I/l/1?
P016|scalar|Водопотребление одного объекта за сутки|Суточный расход; принятый экспертизой объём|Какие виды расхода входят в итог и как исключить смешение м³/ч и м³/сут?
P017|scalar|Суммарная тепловая нагрузка одинакового набора систем|Тепловая нагрузка; единица; перечень включённых нагрузок|Какие отопление, вентиляция и ГВС включены в сумму; подтверждены ли коэффициенты перевода?
P018|scalar|Максимальный часовой расход газа одного присоединения|Часовой максимум; лимит ПД|Как отличить часовой максимум от среднего, годового расхода и тепловой мощности?
P019|scalar|Коэффициент застройки одного земельного участка|Собственное значение КЗ; проценты; предел ПД; участок|Как подтверждается связь значения с КЗ? Номер пункта 1. и номер строки не являются коэффициентом.
P020|scalar|Коэффициент использования территории одного участка|КИТ; границы участка; утверждённые рамки плотности|Какая формула и представление КИТ применимы: процент или доля; какие границы утверждены?
P021|ordered-class|Класс энергоэффективности одного здания|Класс; редакция классификации; применимая стадия|Какой справочник и порядок буквенных классов подтверждены для объекта?
P022|ordered-class|Степень огнестойкости одного здания или его части|Степень; область; подтверждённое направление ухудшения|Как отличить снижение степени от любого изменения; какие обозначения принимаются без OCR-угадывания?
P023|ordered-class|Класс конструктивной пожарной опасности одной части здания|Класс С0–С3; принадлежность части; порядок|Как подтверждён порядок классов? Строковый класс нельзя передавать численному no_decrease.
P024|scalar,inventory|Выемка и насыпь одинакового участка и этапа|Раздельные объёмы выемки и обратной засыпки|Как сопоставляются виды грунтов и объёмов; от какой базы считается заданная Матрицей дельта?
P025|scalar,geometry|Асфальтобетонное покрытие одного участка|Площадь покрытия по одинаковому контуру|Как исключить площади иных покрытий и подтвердить границы подсчёта?
P026|scalar,approval,composite|Тротуарное плиточное покрытие одного участка|Объём мощения; согласование изменения заказчиком|Какое согласование относится к изменённому объёму и какая величина измеряется: площадь или объём?
P027|scalar,geometry|Озеленение и газоны одного участка|Площадь озеленения; минимум применимого ГПЗУ|Какие участки учитываются как озеленение и какая редакция ГПЗУ задаёт минимум?
P028|scalar,geometry|Детские и спортивные площадки с раздельными функциями|Площадь каждой функции; применимый минимум|Какой минимум относится к каждому типу площадки и можно ли складывать их площади?
P029|inventory,ordered-class,composite|Позиции МАФ одного благоустраиваемого участка|Номенклатура; количество; характеристики заменённых изделий|Как документировано качество аналога и соответствие позиции, а не просто отличие названия?
P030|scalar,geometry|Конкретный пожарный проезд и его узкие участки|Ширина проезда; назначение; границы измерения|Подтверждены ли применимость и основание указанной в Матрице ширины 4.2 м?
P031|scalar,geometry|Поворот конкретного пожарного проезда|Радиус; способ измерения; тип поворота|Как выбрать предел из диапазона 10–12 м и какой пункт основания применим?
P032|inventory,scalar,presence,composite|Слои дорожной одежды одного конструктивного типа|Состав слоёв; их толщины; охват документации|Как сопоставить одноимённые слои и доказать исключение слоя при достаточном охвате?
P033|scalar,geometry|Участок дороги и направление водоотвода|Уклон; промилле; направление; границы допустимого|Какие нижняя и верхняя границы уклона подтверждены для участка?
P034|geometry|Точка подключения одной наружной сети в одной системе координат|Координаты; идентификатор сети; ТУ|Как доказана единая система координат и применимость порога 0.5 м?
P035|geometry,presence,composite|Временный объект и охранная зона конкретной коммуникации|Границы зоны; положение объекта; применимый период|Каким источником заданы границы и временная применимость охранной зоны?
P036|ordered-class,scalar,composite|Один участок ограждения и его назначение|Тип; высота; требуемая функция ограждения|Как установлена эквивалентность типа и минимальная высота для данного участка?
P037|scalar,inventory|Наземные парковочные места одного участка|Количество; схема разметки; тип места|Как исключить подземные места и повторный счёт той же позиции на разных листах?
P038|scalar,composite|Доля мест МГН в одном составе парковки|Количество МГН; общий знаменатель; применимое требование|Какой знаменатель и округление доли подтверждены; применимы ли указанные 10%?
P039|presence,inventory|Дренажные мероприятия заданных конструкций и участка|Открытые лотки или закрытый пристенный дренаж; полнота раздела|Как доказать исключение требуемого дренажа, отличая отсутствие evidence от отсутствия элемента?
P040|scalar,geometry|Магистральный эвакуационный коридор на конкретном этаже|Ширина в контролируемом сечении; назначение пути|Какой пункт и условия СП подтверждают предел для данного коридора?
P041|scalar,geometry|Конкретная дверь эвакуационного выхода|Ширина полотна или прохода с явной величиной|Матрица говорит о полотне: какая величина и нормативная редакция должны проверяться?
P042|scalar,geometry,composite|Коридор или дверной проём на конкретном пути|Высота коридора; высота двери; тип элемента|Как разделить ветви 2.0/1.9 м и подтвердить их применимость?
P043|geometry,composite|Дверь и смежный эвакуационный поток|Направление открывания; положение двери; геометрия смежного потока|Как доказать блокирование потока и какое направление допустимо для данной двери?
P044|inventory,ordered-class,presence,composite|Слои кровли одного типа и зоны|Мембрана и её класс; пароизоляция; состав пирога|Какой класс мембраны подтверждён и достаточен ли охват для вывода об отсутствии слоя?
P045|scalar,inventory,composite|Одна кровельная зона и обслуживающие её воронки|Уклон; единица % или градусы; количество воронок|Как подтвердить перевод уклона и связать воронки с той же зоной?
P046|scalar,geometry,inventory|Оконные блоки одного набора помещений|Количество; площадь остекления; типы окон|Как соотнести марки окон и исключить сравнение всего здания с отдельным этажом?
P047|scalar,geometry|Конкретный входной тамбур и траектория движения|Глубина; границы измерения; конфигурация тамбура|Какая граница из диапазона 1.5–1.8 м применима и каким основанием задана?
P048|scalar,inventory,composite|Один лестничный марш и его ступени|Количество ступеней; высота подступенка; ширина проступи|Какие условия и основания применяют пределы 150/300 мм к этому маршу?
P049|scalar,ordered-class,composite|Ограждение конкретной лестницы, балкона или кровли|Высота; тип; назначение ограждения|Какая ветвь относится к типу ограждения и какая редакция основания применима?
P050|ordered-class,inventory|Отделка конкретного помещения на пути эвакуации|Класс КМ; материал; назначение и расположение помещения|Как установлен порядок классов и принадлежность отделки эвакуационному пути?
P051|geometry,scalar,composite|Оконные переплёты и естественное освещение одного помещения|Конфигурация переплётов; расчётный КЕО или светопропускание|Какая расчётная связь доказывает снижение освещения от изменения переплёта?
P052|inventory,approval,composite|Материал и цвет конкретной зоны фасада|RAL/артикул; область облицовки; согласование изменения|Какое согласование покрывает цвет или материал именно этой зоны?
P053|presence|Сопряжение перегородки и перекрытия определённого узла|Демпферная лента; расположение узла; полный охват решений|Как подтверждается полнота узлов для отрицательного вывода о ленте?
P054|geometry,approval,composite|Координационные оси одного несущего каркаса|Привязки и шаг; единая сетка осей; согласование изменения|Как сопоставить переименованные оси и установить самовольность изменения?
P055|ordered-class|Бетон одного несущего элемента или группы|Класс B; идентификатор элемента; подтверждённый порядок классов|Как соотнести классы одной конструкции без подмены классом подбетонки или другого элемента?
P056|ordered-class|Металлопрокат одной конструкции и спецификации КМ/КМД|Марка стали С; элемент; характеристики сертификата|Историческая А240 относится к арматуре. Какой справочник марок стали и порядок подтверждены?
P057|ordered-class|Рабочая арматура одного элемента|Класс А; назначение стержней; характеристики пластичности|Как документирована эквивалентность/пластичность классов, без численного сравнения номеров марки?
P058|scalar,geometry|Фундаментная плита или ростверк одного элемента и зоны|Толщина; миллиметры; привязка каждого значения к элементу|При нескольких 200/250 мм без принадлежности результат ambiguous; где подтверждена привязка к зоне?
P059|scalar,geometry|Плита перекрытия или покрытия конкретного этажа|Толщина конструктивного диска; этаж; тип плиты|Как исключить толщину стяжки и не смешать плиты разных этажей?
P060|scalar,geometry|Сечение одной колонны или пилона|Размеры и площадь поперечного сечения; форма|Как восстановить площадь из формы/размеров и сопоставить один элемент по редакциям?
P061|scalar,geometry|Несущая стена или диафрагма конкретной зоны|Толщина; материал; идентификатор стены|Как отделить несущую конструкцию от перегородки и отделочных слоёв?
P062|scalar,inventory,composite|Армирование одной конструкции, слоя и направления|Диаметр; шаг; схема и область армирования|Как совместно оценить диаметр/шаг и не смешать рабочие стержни с монтажными?
P063|presence,geometry,composite|Конкретный деформационный шов и его узел|Наличие; конструктивная схема; геометрия узла|Как доказать конструктивное искажение и полноту источника для вывода об исключении?
P064|geometry,composite|Лифтовая шахта и её закладные|Габариты шахты; координаты закладных; тип лифта|Какие монтажные границы и опоры подтверждены для конкретного оборудования?
P065|geometry,presence,approval,composite|Технологический проём в конкретной конструкции|Геометрия проёма; заделка; обрамляющее армирование; согласование|Как доказать отсутствие обрамления и применимость признака крупного проёма?
P066|ordered-class,scalar,composite|Защитное покрытие конкретной конструкции|Состав; толщина; подтверждённый предел огнестойкости|Каким основанием связаны состав и толщина с требуемым REI?
P067|scalar,inventory|Ведомость бетона и стали одного объёма работ|Раздельные итоги м³ и т; одинаковый состав работ|Как сверить итоги без смешения материалов, стадий и локальных ведомостей?
P068|scalar,composite|Аппарат защиты определённого ВРУ/ГРЩ и цепи|Ток уставки; аппарат; проектный диапазон|Какие нижняя/верхняя границы уставки подтверждены для данной цепи?
P069|scalar,ordered-class,composite|Кабель одной линии|Сечение; марка; пожарные индексы; принадлежность линии|Как подтверждаются эквивалентность марки и требуемое сечение конкретной линии?
P070|inventory,presence,scalar,composite|Контур заземления и молниезащита одной системы|Состав заземлителей; элементы защиты; сопротивление/сечение отдельно|Как согласовать единицы Ом/мм² с триггером про количество и исключение элементов?
P071|scalar,inventory|Стояк или магистраль В1/Т3 одной системы|Диаметр; назначение участка; материал при влиянии на размер|Как отличить условный проход от наружного диаметра и сопоставить участки?
P072|ordered-class,approval,composite|Напорный трубопровод В1/Т3 одного участка|Материал; класс давления; наличие перерасчёта расширения|Как доказано отсутствие применимого перерасчёта и допустимость замены материала?
P073|scalar,composite|Одна насосная станция и рабочая точка|Расход; напор; мощность; режим работы|Какая рабочая точка и какие характеристики сравнимы между стадиями?
P074|scalar,inventory|Выпуск или магистраль К1/К2 определённого участка|Диаметр; назначение; идентификатор участка|Как сопоставить одинаковые участки и тип диаметра?
P075|ordered-class,approval,composite|Канализационная труба или фасонная часть одной линии|Материал; тип; толщина/шумовые свойства; согласование|Как доказаны ухудшение свойств и самовольность замены, а не простое отличие марки?
P076|scalar,composite|Трубопровод отопления Т1/Т2 одного участка|Диаметр; гидравлический расчёт; режим системы|Как доказать нарушение гидравлической увязки от изменения диаметра?
P077|scalar,inventory,composite|Отопительный прибор одного помещения и режима|Секции; модель; теплоотдача в сравнимых условиях|Какие расчётные температуры и условия теплоотдачи приняты?
P078|scalar,geometry|Воздуховод общеобменной вентиляции одного участка|Форма; размеры; площадь сечения|Как вычисляется площадь для данной формы и исключается подмена диаметром?
P079|scalar,composite|Вентиляционная установка одной системы и режима|Расход; давление; мощность; кратность|Какая характеристика доказывает снижение кратности при одинаковом режиме?
P080|inventory,geometry,composite|Извещатели АПС одной зоны|Количество; положение; расстояния между устройствами|Какие зоны/типы извещателей и требования к расстоянию применимы?
P081|geometry,temporal,composite|Опасная зона конкретного крана на этапе работ|Границы движения стрелы; участок; соседние здания; период|Какой режим работы и этап определяют контур опасной зоны?
P082|scalar,temporal|Критический этап одного календарного графика|Начало/конец; длительность; идентичность критического этапа|Как сопоставить этапы и календарные/рабочие дни для дельты 10%?
P083|geometry,composite|Временное сооружение, сети и пожарные разрывы этапа|Контур бытовки; охранные зоны; расстояния|Какие зоны и пожарные разрывы действуют для данного этапа и типа сооружения?
P084|scalar,geometry|Временная автодорога определённого этапа|Ширина; схема движения; назначение дороги|Как выбрать применимую границу 3.5–4.5 м по ПОС?
P085|geometry,composite|Площадка складирования и её основание на этапе|Положение; откос котлована; допустимость нагрузки перекрытия|Какая зона откоса и несущая способность основания подтверждены?
P086|scalar,temporal,composite|Пиковая численность и бытовой городок одного периода|Максимальный персонал; вместимость городка; период|Как сопоставить пиковую потребность со вместимостью в тот же период?
P087|inventory,approval,composite|Технологическая последовательность конкретных работ|Технология ПД/РД; порядок; согласование изменений|Как определить критическую технологию и документировать допустимую замену?
P088|scalar,composite|Временное присоединение ресурса на этапе|Запрашиваемая мощность/расход; лимит ПОС|Как разделить электричество и воду и привязать лимит к точке и периоду?
P089|presence,geometry,composite|Пункт мойки колёс у конкретного выезда|Наличие; положение; оборотное водоснабжение|Как доказать отсутствие пункта или водоснабжения при достаточном охвате схем?
P090|geometry,temporal,composite|Опасная зона демонтажа на этапе|Контур развала; участок; пешеходные зоны; метод|Каким расчётом задана зона развала для выбранного метода и этапа?
P091|inventory,approval,composite|Метод и порядок демонтажа одной конструкции|Метод; последовательность; согласование|Как доказана самовольность смены метода, а не утверждённая редакция ППР?
P092|presence,geometry,composite|Действующая сеть в зоне техники при демонтаже|Сеть; зона работы; защитные мероприятия; полнота ППР|Какие коммуникации остаются действующими и как подтверждается полнота защитных мероприятий?
P093|scalar,inventory|Демонтируемые конструкции по типам в одинаковой области|Объёмы каждого типа; состав работ|Как сопоставить типы и итоговый охват ПД/РД/ИД для дельты 5%?
P094|scalar,ordered-class,composite|Отходы одного вида и периода демонтажа|Масса; класс опасности; классификатор отходов|Какие виды и классы сравнимы и как отделить превышение массы от занижения опасности?
P095|presence,composite|Демонтаж стен и меры пыле/шумозащиты|Гидроорошение; экраны; применимость к работам; полнота|Нужны обе меры или альтернативные, и какой источник подтверждает применимость?
P096|scalar,presence,composite|Узел временного расчленения сохраняемой конструкции|Сечения; схема; акты монтажа для данного узла|Какой элемент обозначен расчленением и какие акты обязательны для его монтажа?
P097|geometry,composite|Площадка лома, бровка котлована и сети|Границы площадки; масса; положение бровки и сетей|Какие границы и ограничения нагрузки подтверждены для данной площадки?
P098|event,temporal,composite|Начало земляных/демонтажных работ конкретного объекта|Дата начала; разрешение на перемещение ОСС; срок действия|Какой предоставленный источник подтверждает начало работ и состояние разрешения на эту дату?
P099|event,temporal,composite|Один рейс одного транспортного средства|Идентификаторы ТС/рейса; ГЛОНАСС; регистрация РНИС|Как подтверждены полнота реестра, оснащение и временная применимость записи?
P100|event,temporal,composite|Конкретный выезд самосвала с отходами|Событие выезда; связанный QR; полнота журнала КПТС|Каково подтверждённое окно связи QR и выезда; отсутствие в частичном журнале не отрицательный факт.
P101|event,temporal,composite|Выгрузка отходов в конкретное место и время|Событие выгрузки; ТРПО; реестровое/лицензионное основание|Какие идентификаторы места и версии ТРПО/реестра действуют на время выгрузки?
P102|geometry,presence,composite|Конкретный пожарный отсек и его границы|Непрерывность стен; площадь отсека; проёмы|Как доказать непрерывность противопожарной преграды и сопоставить тот же отсек?
P103|ordered-class,scalar|Дверь или ворота противопожарной преграды|Предел EI; изделие; идентичность проёма|Какие характеристики EI сравнимы и чем подтверждён требуемый предел?
P104|scalar,geometry|Эвакуационный проход одного этажа|Ширина и высота; назначение пути|Триггер содержит только ширину: какая проверка высоты требуется и какими основаниями заданы пределы?
P105|scalar,geometry|Дверь наружного эвакуационного выхода|Ширина полотна/прохода; тип двери|Какая измеряемая ширина и применимость 0.9 м подтверждены?
P106|geometry,composite|Дверь и смежный поток на эвакуационном пути|Направление открывания; геометрия движения|Как определяется блокирование потока с учётом положения смежных дверей?
P107|ordered-class,inventory|Отделка на конкретном пути эвакуации|Материал; класс КМ; область применения|Как подтверждены порядок классов и эквивалентность материала в данной области?
P108|inventory,geometry,composite|Извещатели АПС одной пожарной зоны|Количество; размещение; расстояния|Какой тип извещателей и какие пространственные ограничения действуют в этой зоне?
P109|ordered-class,inventory|Кабель конкретной системы противопожарной защиты|Полная маркировка; требуемые индексы; линия|Какая часть маркировки обязательна и какие замены документированно эквивалентны?
P110|inventory,presence,composite|Оповещатели СОУЭ и выходы одной зоны|Динамики; табло Выход; размещение; охват планов|Как подтвердить полноту зоны и обязательность табло у конкретного выхода?
P111|presence,geometry,composite|Пересечение воздуховода с противопожарной преградой|Место пересечения; клапан; предел EI|Как связываются клапан и конкретное пересечение; каков подтверждённый предел?
P112|scalar,composite|Вентилятор ДУ или подпора одной системы и режима|Расход; давление; режим|Какая рабочая точка и обе характеристики сравнимы между стадиями?
P113|scalar,inventory,composite|Сеть ВПВ и обслуживаемая область|Диаметр кольца; краны; расход; количество струй|Как согласовать название про расход/струи с триггером про диаметр и краны?
P114|geometry,composite|Гидранты и наиболее удалённая точка здания|Расположение ПГ; область покрытия; требуемый радиус|Как определяется доступный путь/радиус покрытия; расход из названия не доказывает покрытие?
P115|presence,inventory,composite|Подъёмник на конкретном маршруте МГН|Наличие; модель; автоматическое управление|Как подтверждается требование автоматического управления для данной модели и маршрута?
P116|scalar,geometry|Коридор конкретного маршрута МГН|Ширина; конфигурация маршрута|Какая граница диапазона 1.5–1.8 м и редакция СП применимы?
P117|scalar,geometry|Дверной проём на маршруте МГН|Ширина в свету; дверь; назначение|Подтверждены ли указанные в Матрице 1.5 м и условия применения к этой двери?
P118|scalar,geometry|Порог конкретной двери маршрута МГН|Высота порога; уровень отсчёта; м/мм|Какая редакция основания подтверждает 0.014 м и условия измерения?
P119|scalar,geometry,composite|Универсальная кабина санузла МГН|Внутренние размеры; планировка; свободные зоны|Какие размеры и свободные зоны обязательны, а не только одно число 1.5 м?
P120|presence,inventory|Поручни конкретного санузла МГН|Откидные и стационарные поручни; места установки; охват|Какие поручни обязательны в данном санузле и как доказана полнота спецификаций/планов?
P121|scalar,geometry,inventory,composite|Парковочные места МГН одного участка|Количество; ширина; принадлежность МГН|Какой минимум количества и применимость ширины 3.5 м подтверждены?
P122|presence,geometry|Тактильные указатели у конкретной лестницы или двери|Полосы; положение; перечень мест; полнота схем|Где указатели обязательны и чем подтверждён достаточный охват отрицательного вывода?
P123|presence,inventory|Двухсторонняя связь в санузлах и у входов МГН|Кнопки вызова; состав системы; обслуживаемые места|Какие места требуют вызова и достаточно ли документов для доказанного отсутствия?
P124|ordered-class|Класс энергоэффективности одного здания|Класс; дата и редакция классификации|Какой справочник и порядок классов действуют; как исключить независимый учёт того же факта как P021?
P125|scalar,composite|Утеплитель наружной стены конкретного типа|Толщина; сопротивление теплопередаче; состав стены|Как доказана связь уменьшения толщины с падением требуемого сопротивления?
P126|scalar,ordered-class|Утеплитель наружной стены одной марки и условий|Коэффициент λ; условия измерения; материал|Какие условия эксплуатации и единицы делают коэффициенты сравнимыми?
P127|scalar|Оконный блок одного типа в одинаковых условиях|Сопротивление теплопередаче Ro; изделие; условия|Какие условия расчёта/испытаний подтверждают сравнимость Ro?
P128|scalar,inventory|Утеплитель чердака или кровли конкретной зоны|Толщина проектного слоя; зона; материал|Как отделить утеплитель от общей толщины пирога и сопоставить одинаковые зоны?
P129|presence,inventory|Приборы учёта каждого энергоресурса и уровня учёта|Общедомовые/поквартирные приборы; ресурс; охват|Какие уровни и ресурсы обязательны для объекта и как подтверждена полнота документации?
P130|ordered-class,inventory|Осветительное оборудование одного помещения или зоны|Тип источника света; модель; назначение|Как подтверждены требуемый LED-тип и соответствие заменяемых позиций?
P131|scalar|Годовой расход тепла на отопление на одинаковую площадь|Расход; период; расчётная площадь; лимит ПД|Какая площадь и климатические/эксплуатационные условия образуют сравнимый знаменатель?
P132|scalar|Итог ССР одного состава работ и уровня цен|Стоимость; тыс. руб.; состав; дата цен; утверждённая ПД|Как обеспечить одинаковый состав и уровень цен, не сравнивая промежуточный итог с полным ССР?
